time,event,p1,p2
0.051740277183553805,6,9,88.0
0.09579793719875677,3,190,104.0
0.09727673758735726,6,76,105.0
0.18005925647605514,3,129,174.0
0.207261391356171,6,130,107.0
0.27620683355136544,3,107,51.0
0.3705564636367734,3,129,52.0
0.5079210272261984,3,35,112.0
0.5286911893059931,6,91,34.0
0.6296249970993741,3,175,92.0
0.6828116428670522,3,196,169.0
0.707773368123737,3,156,180.0
0.806198682803672,3,7,28.0
0.8458748244035265,6,13,137.0
1.031628185770213,3,105,101.0
1.1570338846483073,3,78,196.0
1.1589078887162432,3,159,4.0
1.1856233827114075,3,108,149.0
1.2396847603031942,3,85,44.0
1.2636029487303957,3,179,12.0
1.2935931637040097,3,80,127.0
1.3245629130367131,6,176,108.0
1.3513993692744644,3,41,159.0
1.4005651962154708,3,97,111.0
1.7421369499190735,3,161,163.0
1.7945748318975892,3,139,193.0
1.813624776833927,6,121,120.0
1.830105562322748,3,176,85.0
1.8683162067821109,3,2,90.0
1.884731931573466,3,54,62.0
1.9283120099203113,3,96,56.0
1.9368520533073856,3,72,11.0
2.0149014179910507,3,50,109.0
2.1094214209299667,3,87,119.0
2.1107009500160503,3,152,79.0
2.1535021041493407,3,138,105.0
2.193524217051986,3,173,123.0
2.1958723515873166,3,16,89.0
2.2899744219402898,6,160,118.0
2.431998404940433,3,114,143.0
2.4449993006554567,3,145,143.0
2.6087208288987687,3,125,153.0
2.659203049764591,6,124,30.0
2.668368236546794,6,193,26.0
2.67322301340196,6,39,54.0
2.7305714439041573,6,113,61.0
2.731990769084851,6,68,74.0
2.7707068553635286,3,190,121.0
2.804749468743223,3,13,70.0
2.827531360097691,6,40,131.0
2.8927061853951352,3,135,19.0
2.9657582934373945,6,4,52.0
2.999790686007883,3,189,56.0
3.0066356529589897,3,147,149.0
3.070874043965487,3,192,79.0
3.0726530442482414,3,182,6.0
3.077693886557952,3,156,29.0
3.0927830165362646,6,156,33.0
3.1546248406382285,3,185,55.0
3.1806977068197884,6,183,153.0
3.3306551835716354,6,197,102.0
3.430523977222993,3,133,91.0
3.6528396598296604,6,37,152.0
3.7743271324484478,3,11,70.0
3.8689537666415457,3,64,90.0
3.936294487925438,3,162,15.0
3.9553777377324235,3,21,102.0
3.9580811768729385,3,107,70.0
4.016086644839607,3,14,71.0
4.064477504246533,3,133,87.0
4.123284213957395,3,115,43.0
4.150277002659148,6,102,199.0
4.231184773008371,3,13,199.0
4.261680311092161,6,188,138.0
4.271960534673579,6,45,53.0
4.2814328217649065,3,137,12.0
4.301960904406632,6,101,137.0
4.327042194870557,10,107,
4.353418774230474,3,178,44.0
4.366139864186622,3,122,162.0
4.442890030848631,6,56,194.0
4.532897298000211,3,134,164.0
4.600072458051564,3,130,134.0
4.628605428308931,3,87,39.0
4.65798414842775,3,183,4.0
4.682352304694319,1,70,107.0
4.9261676289909255,3,73,138.0
4.984405060439084,3,8,186.0
5.002965655898276,3,109,88.0
5.076508567441679,3,182,189.0
5.105180997900711,3,20,90.0
5.140916078118119,9,70,
5.150718394028188,3,34,112.0
5.320532874248362,1,25,70.0
5.3284761714226185,3,54,17.0
5.35447417846762,6,89,44.0
5.462695367319891,6,62,54.0
5.481639948889921,3,141,161.0
5.5065150160998,6,163,138.0
5.605738653328768,1,138,107.0
5.620013951088162,6,165,65.0
5.6352603623327,4,98,107.0
5.65558419568436,1,180,107.0
5.76662446342869,1,197,107.0
5.774250902827318,6,13,53.0
5.77804140118386,3,24,119.0
5.8042767776058986,3,111,190.0
5.920999666896248,3,193,166.0
5.992393256850054,3,64,74.0
6.0133503031376225,6,138,105.0
6.1591721373141075,3,191,59.0
6.172050350041672,6,92,43.0
6.225743158371634,3,63,147.0
6.281689444617256,3,60,65.0
6.287215639281249,1,92,70.0
6.318371500074039,3,127,36.0
6.334458747084541,2,107,
6.396888572220616,3,57,55.0
6.48733153567769,3,91,121.0
6.493762769366774,10,138,
6.58180186449735,1,28,138.0
6.631712291897691,3,148,187.0
6.763234586725029,3,135,68.0
6.771822306050699,3,176,150.0
6.784162469188799,3,57,26.0
6.819884251998173,3,66,63.0
6.838435653026481,1,62,138.0
6.872116668181905,3,38,33.0
6.9253963755840795,6,27,53.0
6.931050585013905,3,106,146.0
6.932220640186777,3,105,110.0
6.952371135875173,3,78,4.0
6.978674035259287,1,75,138.0
7.089600500473975,1,69,138.0
7.106175717039095,3,37,50.0
7.107405508738842,6,48,189.0
7.114534000629437,2,70,
7.1640914802513675,3,120,0.0
7.182846516215445,1,146,138.0
7.234817083268394,1,76,138.0
7.251148189982615,6,131,7.0
7.305979840089314,3,33,72.0
7.392810655030856,3,33,77.0
7.423822878085464,10,76,
7.42804313961205,3,117,177.0
7.437563140241887,3,135,8.0
7.449715775229277,3,5,131.0
7.460646143346554,9,92,
7.470102435691879,3,66,165.0
7.474426191809468,3,85,122.0
7.514598132871772,9,69,
7.539505914051222,1,77,138.0
7.550287355272203,3,124,19.0
7.560449778330196,1,190,138.0
7.589685487962717,1,117,92.0
7.60597812149839,6,115,40.0
7.623824593227939,1,65,69.0
7.630527993366294,3,151,29.0
7.636457576529379,3,121,43.0
7.637801734233147,3,133,184.0
7.650620188978746,1,73,138.0
7.6678749526326015,3,62,158.0
7.700971086277789,10,117,
7.731241324806789,6,28,64.0
7.789517952314066,6,2,130.0
7.8205538777380275,1,185,76.0
7.854671926119132,1,68,117.0
7.868304997962383,1,81,117.0
7.873689186455225,1,96,117.0
7.878457436875961,9,180,
7.8794422886654445,1,134,69.0
7.893768014541845,3,122,35.0
7.897561799988002,1,55,69.0
7.954289313042898,1,174,92.0
7.967155198894379,6,18,190.0
8.030668845597509,1,179,180.0
8.048246585942815,1,169,92.0
8.124452134280757,1,128,117.0
8.144746610406493,6,196,29.0
8.162576187392666,1,122,117.0
8.232334989362451,3,122,6.0
8.280433848345822,9,122,
8.319767349092436,1,110,180.0
8.345822810339051,9,68,
8.413058417776838,3,87,177.0
8.513500607719187,6,197,20.0
8.540583995962475,10,81,
8.575075526388634,3,100,44.0
8.598641601371114,1,49,117.0
8.599392652839757,3,53,111.0
8.68568472273827,3,101,10.0
8.740735174267488,6,176,179.0
8.741205881190384,1,167,122.0
8.804545868791397,3,70,166.0
8.891076847755636,1,166,138.0
8.90199063861951,4,81,59.0
8.902977962864542,10,185,
9.017761334303277,1,63,122.0
9.027697919920538,3,33,144.0
9.102177055313714,1,52,68.0
9.108814244904647,6,30,113.0
9.110487970679149,1,175,185.0
9.125507804525341,3,18,164.0
9.129314188336943,4,81,60.0
9.173560673468868,1,111,117.0
9.206157879319095,1,98,185.0
9.224178513866345,9,73,
9.246617265949153,10,166,
9.269131827911114,8,122,68.0
9.289448232235141,1,20,68.0
9.325711830785194,1,59,81.0
9.36907318757414,1,83,138.0
9.383464862200151,3,17,100.0
9.391007291007837,3,110,174.0
9.415135052460613,3,150,88.0
9.456942653843619,9,63,
9.521238178061285,1,5,73.0
9.606314106244902,6,33,77.0
9.608623238531735,10,75,
9.609174495474416,1,74,81.0
9.635164491827078,1,150,73.0
9.654131207196873,3,4,11.0
9.685398730298692,1,176,69.0
9.711291229844669,1,133,63.0
9.73185645921039,6,86,16.0
9.742042069143286,1,112,81.0
9.788049981814805,3,77,45.0
9.814493560629149,1,46,138.0
9.82931276659887,10,197,
9.855323874591837,3,104,94.0
9.903662012218671,1,140,166.0
9.910520256424828,1,161,180.0
9.92986208115815,9,174,
9.965214625149196,6,132,15.0
10.029821366532387,10,176,
10.089885611627015,4,74,185.0
10.095490713934737,3,151,36.0
10.104575917742704,5,75,174.0
10.110599215340335,9,65,
10.152675366320626,10,96,
10.167403234366018,1,157,185.0
10.177935119672767,1,196,75.0
10.292242017636076,9,111,
10.367916016769302,3,66,48.0
10.385311414635547,2,138,
10.38667078148631,1,6,73.0
10.40502811884945,2,63,
10.405439791388583,1,13,73.0
10.414189624776759,1,45,176.0
10.462132142106068,1,177,117.0
10.497043742970801,7,96,25.0
10.497946768330612,10,59,
10.507752663510788,1,18,96.0
10.522033538448508,1,23,73.0
10.546492516451904,3,86,189.0
10.551915849036492,9,112,
10.555359006719451,3,62,150.0
10.557842538501784,10,45,
10.651353202027428,3,32,27.0
10.659230283904092,9,74,
10.666236024134818,1,51,166.0
10.714291954126493,1,27,75.0
10.73382038545428,3,151,19.0
10.785083191554017,1,101,65.0
10.792696837256145,3,177,41.0
10.799669209898687,1,26,111.0
10.845557735702856,3,5,30.0
10.86058360598989,1,149,180.0
10.897379669881689,1,136,96.0
10.920947679559585,1,131,166.0
10.927758260566575,1,93,197.0
10.933844279950026,1,114,185.0
11.033495389283893,1,35,112.0
11.072267353389465,1,141,65.0
11.092979094792517,1,37,176.0
11.124131652560681,1,139,96.0
11.124195075538841,9,150,
11.133986011277164,3,18,169.0
11.13802682488067,1,199,111.0
11.14489837401014,1,44,73.0
11.161296439563987,10,6,
11.18977725636493,9,52,
11.192793143207838,3,55,23.0
11.203760062527897,1,33,81.0
11.206147086616676,1,85,176.0
11.227842843934091,2,174,
11.239667353416076,1,91,176.0
11.263426636390097,3,35,23.0
11.289209182938846,10,131,
11.292412835680597,2,117,
11.293433121246531,6,121,43.0
11.299631013433402,1,95,65.0
11.308478005805037,1,86,131.0
11.310582169560016,1,120,176.0
11.34325817426327,1,187,176.0
11.398676601364958,1,162,180.0
11.440467081705684,10,98,
11.447807193337653,1,188,6.0
11.455659821438575,9,177,
11.469672476479584,1,94,112.0
11.480314177628145,1,172,65.0
11.48398686848109,1,90,98.0
11.484919511000967,3,9,4.0
11.490570262932303,3,139,83.0
11.494217439054315,1,22,112.0
11.503289600970373,1,145,6.0
11.534395405027704,1,78,185.0
11.572742226591714,4,68,106.0
11.581442931470178,1,87,98.0
11.589964926508971,1,159,96.0
11.598456504868293,10,190,
11.633995695972963,10,91,
11.648992434336023,10,161,
11.651471976982247,3,151,37.0
11.665653489937721,1,54,190.0
11.679238486014727,2,91,
11.68047107938935,2,76,
11.695244293213076,1,135,81.0
11.716078422217569,3,165,34.0
11.752447367427196,1,39,190.0
11.768208184514172,2,161,
11.769788663555918,3,26,124.0
11.785891839500406,1,21,111.0
11.793427784081603,9,22,
11.801786010619207,4,59,189.0
11.80441463716833,1,56,96.0
11.805254321151642,3,29,16.0
11.815869482372065,1,40,177.0
11.816691674457772,1,106,75.0
11.847823093197151,9,78,
11.850037989229936,1,41,69.0
11.855475489331617,3,29,24.0
11.867488544510698,6,129,172.0
11.87313518929554,10,41,
11.887376204506703,1,193,111.0
11.939989857716485,1,152,96.0
11.940071063977477,2,185,
11.958868520790183,1,53,111.0
11.991953987001054,10,49,
12.007216003882746,2,180,
12.021350232262714,1,170,65.0
12.100395661763052,1,67,190.0
12.133030855584947,2,166,
12.135454968503982,1,9,150.0
12.136931050995875,3,13,84.0
12.15177152959241,10,13,
12.167502068872883,10,44,
12.197155301743116,10,62,
12.217751951211403,1,43,44.0
12.223854362461001,2,96,
12.235466596537464,3,155,127.0
12.250307350992228,10,170,
12.253574419672471,1,60,65.0
12.28167723044239,3,120,79.0
12.287689718089071,2,45,
12.328743963554592,10,188,
12.351711349441697,1,82,150.0
12.373774992097635,3,105,29.0
12.392002544163592,1,125,81.0
12.412375830462727,1,3,176.0
12.443275252524375,10,114,
12.451234711340636,1,126,44.0
12.46457792840477,10,169,
12.475654693049847,1,10,52.0
12.475923343912227,6,0,113.0
12.482425438706136,9,95,
12.533222091293394,1,58,197.0
12.54001196177598,1,100,44.0
12.55013709085406,3,10,110.0
12.5538334312432,10,126,
12.556928509897274,3,141,9.0
12.567675817499962,1,153,170.0
12.567798817236625,1,72,188.0
12.574795028868559,1,71,62.0
12.590674778835018,6,132,56.0
12.591834210375952,3,79,90.0
12.627385201920378,10,135,
12.655513145377036,10,40,
12.661610716199046,3,133,61.0
12.687050747269115,1,121,150.0
12.703775601817185,2,13,
12.714386375772856,7,52,184.0
12.724870489493682,6,154,180.0
12.729585704118968,10,20,
12.736727085793317,1,97,111.0
12.760612485787181,10,37,
12.777015331123053,9,93,
12.819832089567162,1,57,78.0
12.820582888508078,7,94,112.0
12.841939382073294,9,3,
12.844765454329595,1,178,126.0
12.86260553949663,2,78,
12.862878113406829,3,148,153.0
12.898449313119288,10,5,
12.901100012294178,2,62,
12.902365312012384,1,129,131.0
12.91720073030286,1,192,122.0
12.941103780178073,1,34,40.0
12.979772454493851,6,78,71.0
12.983426131851632,1,38,3.0
13.006782830352948,9,149,
13.01208186949384,1,102,20.0
13.058251020833259,1,48,114.0
13.065445800241788,9,38,
13.082342713838322,6,54,144.0
13.10127958085803,1,105,93.0
13.1237587611805,10,140,
13.147874768269023,10,162,
13.151106621201501,10,141,
13.152180113984892,4,114,56.0
13.159635604750102,7,68,109.0
13.2033935984039,1,163,95.0
13.21735627057193,2,92,
13.219147763624399,6,107,34.0
13.231955935738107,3,27,136.0
13.252306854378856,1,103,170.0
13.267993285617612,9,101,
13.278668955777992,3,136,120.0
13.280235535803323,1,151,37.0
13.320427692002449,7,23,44.0
13.327865926361147,9,56,
13.341940243510573,4,175,49.0
13.37431710894115,6,146,106.0
13.413690554432462,1,160,22.0
13.425751251433267,1,181,69.0
13.471260930030027,1,15,162.0
13.499451750367385,1,16,95.0
13.506844534576734,10,133,
13.508320505720606,3,118,159.0
13.513304349963402,3,53,187.0
13.523899952270405,2,141,
13.526385066063133,1,88,150.0
13.535465945650182,1,143,52.0
13.539948049326735,10,102,
13.567543650012611,1,132,59.0
13.571919974526322,3,163,121.0
13.60634632827292,9,172,
13.676190153083411,4,2,56.0
13.695258576368643,4,17,37.0
13.696016867231986,5,98,40.0
13.69629940495601,10,199,
13.713438855244581,9,94,
13.779166570707003,2,3,
13.780811384696143,6,163,184.0
13.798597621110567,9,86,
13.841953183244522,1,50,37.0
13.884055348371932,10,34,
13.8915477563298,1,104,98.0
13.904899931191526,1,189,22.0
13.92593788231428,1,1,75.0
13.942761329847045,1,42,188.0
14.001475019722283,1,31,34.0
14.01236192058034,10,97,
14.05650149298695,1,119,190.0
14.113677132750691,4,41,141.0
14.121991728402014,1,165,162.0
14.12604265442968,10,163,
14.128707694525,1,80,93.0
14.143155982121064,10,80,
14.194798869979682,1,148,59.0
14.195579947305886,9,165,
14.198554318304074,2,94,
14.199340406181753,10,167,
14.253368093712597,1,79,167.0
14.285768176627109,10,43,
14.301162072487434,1,183,162.0
14.303329012548549,10,103,
14.321258242969138,3,10,168.0
14.322085846290044,2,41,
14.328246385936799,3,174,146.0
14.347803790219071,1,184,97.0
14.35301788066114,1,182,34.0
14.366776523128868,1,115,172.0
14.409239049130703,1,124,56.0
14.459545981003252,2,44,
14.510537698859759,10,21,
14.53330088919591,1,30,5.0
14.536721738312025,2,111,
14.538734369390445,3,168,154.0
14.54431264315127,10,51,
14.544718495777394,10,121,
14.552909332806859,1,64,74.0
14.583002409802969,10,146,
14.617543741987417,9,90,
14.622998275403733,1,144,169.0
14.648900191962358,2,102,
14.651222992633913,3,63,194.0
14.670943472988496,1,191,22.0
14.671954763569653,1,0,52.0
14.684929543734022,1,32,133.0
14.762424983117734,1,2,90.0
14.768766387065057,3,92,156.0
14.78057128775436,1,130,163.0
14.793166392088471,1,108,5.0
14.807403343193066,7,138,146.0
14.86352186436331,5,169,131.0
14.881102254776009,1,14,21.0
14.90679545037555,7,35,22.0
14.918154138004333,1,142,101.0
14.969945684579317,2,167,
14.977256730563013,1,186,20.0
15.006371533593885,7,18,197.0
15.029086439224239,9,184,
15.036264561075988,3,105,31.0
15.082406019421065,1,155,98.0
15.10860409124296,2,176,
15.119055310577155,10,79,
15.142401294457875,4,148,103.0
15.169687750246075,1,8,163.0
15.18051181415231,2,197,
15.193363228965117,1,154,93.0
15.195349515714218,4,156,81.0
15.209308197569952,9,16,
15.214062393398745,10,132,
15.234430903207597,6,13,100.0
15.236084188450766,1,84,114.0
15.251833187604284,2,40,
15.31123114907382,9,25,
15.313490417985085,3,129,54.0
15.326735891101624,4,88,101.0
15.372089648325494,4,86,19.0
15.42297290599468,2,65,
15.427404102030371,4,6,127.0
15.48474810916889,10,134,
15.498444187192344,3,129,145.0
15.527847775511258,7,172,46.0
15.614106502307704,10,157,
15.61427088141771,4,140,182.0
15.617173388081978,1,147,25.0
15.634250145327176,10,53,
15.634868231907745,10,50,
15.63717957753055,6,156,92.0
15.640621230185292,5,112,150.0
15.646525070432366,5,146,56.0
15.67390705010739,10,85,
15.676601681956743,2,114,
15.708859336105087,9,182,
15.724384829135111,6,118,175.0
15.732321003498175,1,4,103.0
15.735314039330337,3,30,168.0
15.743074702050583,6,67,9.0
15.761107680343663,1,17,37.0
15.761330301021417,4,9,6.0
15.779710305497538,4,135,18.0
15.781391364534496,3,17,179.0
15.790096115010703,1,164,140.0
15.801656431560406,10,130,
15.817708742431313,10,105,
15.823599330512373,2,130,
15.848479937934059,6,36,129.0
15.85025548318604,9,129,
15.870683893202681,1,7,101.0
15.879545533857682,10,178,
15.894922052992694,10,33,
15.915727185466737,2,21,
15.91597278994703,2,101,
15.923535956133978,8,162,165.0
15.940894068572947,2,6,
15.957764664391892,1,19,135.0
16.0185160070628,1,156,169.0
16.02089588329794,1,24,25.0
16.04111892835524,1,29,69.0
16.05314949888858,10,83,
16.095718245374645,2,98,
16.10323788294649,4,169,125.0
16.23585342017362,10,24,
16.26080574500672,9,39,
16.287858533126947,9,23,
16.31397297316557,9,28,
16.344579520797733,5,80,134.0
16.34507636884223,3,48,18.0
16.34605461077018,9,196,
16.349404081549867,5,73,37.0
16.36312104923113,4,70,24.0
16.460487758498125,9,8,
16.470203666955978,9,67,
16.485486509704014,1,89,16.0
16.487637100204648,10,64,
16.514425141366225,9,9,
16.516302138850634,5,50,43.0
16.517026257764417,3,72,147.0
16.518866921400303,7,98,51.0
16.581448618191725,2,86,
16.613178341749826,2,34,
16.653056778236056,2,9,
16.661006542241424,6,193,181.0
16.702247910349783,9,82,
16.72983317698589,4,144,188.0
16.742326223077733,10,139,
16.80232285857429,2,95,
16.881833023963072,3,168,2.0
16.905465770590464,4,100,23.0
16.910121379078294,2,184,
16.915766268979155,2,149,
16.96578851621665,2,73,
16.985374310411977,9,186,
16.99790998074702,1,61,133.0
17.006027444371384,1,123,24.0
17.00687533530594,2,121,
17.015188050766135,9,192,
17.058796605418685,6,100,86.0
17.081324288739122,10,72,
17.090625286709837,3,57,194.0
17.10917094129789,10,14,
17.134263136830285,1,158,90.0
17.159962014400403,2,172,
17.17277133779178,4,110,90.0
17.19644007277407,1,116,188.0
17.260412680791283,9,153,
17.310866060335318,2,68,
17.342102133409096,10,55,
17.354930776144883,4,153,95.0
17.381015691152598,3,137,111.0
17.384748856700796,10,7,
17.403946437863233,2,82,
17.44890863386766,4,90,108.0
17.50434548898546,2,56,
17.520892853109736,2,53,
17.549337705491592,10,120,
17.565158963919625,1,194,188.0
17.666894637817457,2,50,
17.686212491579838,7,93,181.0
17.691769521685377,10,54,
17.722901913233674,10,1,
17.735480114659044,7,81,117.0
17.737788176215123,2,85,
17.74713154354698,10,144,
17.75500203115821,3,128,73.0
17.850879525164807,2,153,
17.90830352822495,1,118,1.0
18.01549490887995,5,59,129.0
18.046723441242612,4,126,198.0
18.074496471032894,1,113,169.0
18.080300095103393,2,33,
18.102787140565454,10,156,
18.16065975523038,10,89,
18.181585804595144,1,127,80.0
18.196594285285048,4,179,67.0
18.264747106237618,5,83,165.0
18.265496662022482,9,147,
18.274499716763096,4,89,91.0
18.371827295214914,2,51,
18.379351503429938,10,26,
18.446028776106658,10,123,
18.460538782041763,2,16,
18.485858395535637,9,175,
18.512620884628863,3,148,101.0
18.524010594520725,10,106,
18.527619779919107,1,36,67.0
18.540829804763057,10,115,
18.5444638527156,9,30,
18.55293111866411,5,93,30.0
18.553331599608565,6,11,110.0
18.556885819583837,7,139,130.0
18.57758910199696,2,55,
18.57879914966852,7,104,67.0
18.5824538713547,5,196,120.0
18.614939896227064,6,174,60.0
18.726862163486523,2,59,
18.730847383961347,2,80,
18.768318757026,4,70,147.0
18.771334494833187,3,118,60.0
18.820802551133216,2,165,
18.827712501996547,10,193,
18.845022326596762,4,12,38.0
18.848645071004974,4,177,57.0
18.849980591258678,1,11,72.0
18.87456313464053,4,173,133.0
18.891117124398132,10,46,
18.896468770913597,7,72,11.0
18.901756771354986,7,28,36.0
18.91161848640062,6,127,2.0
18.96461454857315,1,99,14.0
18.990505004626833,9,181,
19.076168770448522,2,49,
19.07649669940213,2,46,
19.09753876855705,2,81,
19.104762466229456,1,12,83.0
19.14938780831708,9,15,
19.186331524384485,2,139,
19.249249616351975,10,191,
19.29985164697663,7,93,80.0
19.312561874353648,4,173,5.0
19.314940505235228,4,6,112.0
19.321669020876787,10,118,
19.322681398658926,3,50,111.0
19.34220901898997,7,35,170.0
19.359869914454325,10,151,
19.387786021398533,3,94,176.0
19.39738316617145,4,59,162.0
19.44006381077869,4,111,126.0
19.442694788800562,10,58,
19.44282552442192,5,190,132.0
19.45491213389102,2,178,
19.46208208909764,7,120,0.0
19.46808591756558,2,22,
19.493085273424303,10,104,
19.518172195733953,1,66,105.0
19.51994151177231,10,61,
19.537381377797217,2,162,
19.549931663430534,2,5,
19.5777327657544,4,82,177.0
19.634688180466213,6,195,32.0
19.6587163485036,3,130,171.0
19.740046201937282,3,111,160.0
19.789246153567476,9,119,
19.798665489016727,10,127,
19.827835978962135,6,16,87.0
19.840948897332414,6,84,143.0
19.866478713769666,9,145,
19.985470895745838,2,93,
20.00838532087818,9,110,
20.015326614780292,9,35,
20.03405951621297,7,29,105.0
20.03747300703655,7,109,119.0
20.04580527023062,7,104,100.0
20.05858198478191,7,107,119.0
20.07271032580135,1,47,43.0
20.124215438006384,7,161,193.0
20.127763141695684,2,20,
20.191196873361815,1,195,115.0
20.212888983702804,7,83,12.0
20.22195287278905,7,98,190.0
20.22947257272284,6,17,100.0
20.249939065205535,8,182,7.0
20.302809328161896,7,69,29.0
20.341426423604954,10,84,
20.349441584299626,1,137,26.0
20.378731419938013,3,63,3.0
20.379413397369277,9,57,
20.404501906355698,6,51,93.0
20.404823397416777,7,112,185.0
20.40541090983148,7,9,163.0
20.422008620619305,2,37,
20.43108541464119,2,190,
20.431964469254606,5,147,79.0
20.43385351655556,5,131,182.0
20.44486355221396,10,113,
20.467816157929118,3,73,116.0
20.46938537251792,7,170,36.0
20.472166989057595,7,103,101.0
20.4772135354203,2,35,
20.497388690991315,10,29,
20.50305921920502,7,93,43.0
20.554040399389404,7,112,34.0
20.56638701865879,7,188,42.0
20.609652519721593,1,171,129.0
20.650663423021843,7,70,129.0
20.659299494042624,2,199,
20.665525736066613,3,82,160.0
20.669448466349376,7,135,76.0
20.679936701984126,7,138,113.0
20.69281248901956,7,87,39.0
20.713786172447858,6,88,101.0
20.726606809107512,7,176,122.0
20.726664389577227,8,120,79.0
20.74018945838547,7,119,85.0
20.795031377932936,7,145,121.0
20.795279621808692,3,0,78.0
20.797242876263752,3,111,102.0
20.816071553118775,2,74,
20.819495876555017,3,155,194.0
20.840749108043102,7,196,78.0
20.85116816546872,7,122,189.0
20.854230055563622,7,83,48.0
20.862059354306446,4,146,74.0
20.86879512902,7,54,148.0
20.87436105901063,7,35,144.0
20.8870325378803,2,150,
20.895181355527164,7,174,110.0
20.90183220200769,7,127,116.0
20.930111368546243,7,38,128.0
20.956791036494494,2,28,
21.002353752392075,7,87,61.0
21.02082811891327,7,90,143.0
21.023147917957022,1,173,191.0
21.03337745916668,7,181,187.0
21.04917569392495,3,158,154.0
21.054941970160662,3,48,85.0
21.059027897475545,3,60,95.0
21.06036223979804,10,42,
21.067219030120533,8,106,75.0
21.081873031670455,7,127,27.0
21.102728614812378,2,127,
21.167271726303923,10,194,
21.177447289393854,7,122,162.0
21.18032550025044,6,130,33.0
21.193925124473353,5,113,105.0
21.19674581346713,3,190,51.0
21.198351353844075,7,110,36.0
21.225196649892805,7,113,162.0
21.23348095302569,2,64,
21.240169081046368,7,61,82.0
21.258309664729897,7,6,188.0
21.266606426235743,7,185,84.0
21.295202945801833,7,39,80.0
21.30886752064866,7,119,143.0
21.322800521166652,7,135,19.0
21.330480342982625,7,30,101.0
21.34765677516999,3,198,28.0
21.355005355628407,3,55,198.0
21.366985166501063,3,28,70.0
21.40998949898337,7,176,61.0
21.428466191110626,7,157,92.0
21.442294456450153,3,108,101.0
21.4491439727584,7,138,69.0
21.449947025110397,7,176,106.0
21.486553135812354,2,105,
21.53825017337641,10,179,
21.550802560849526,1,198,123.0
21.55805378636068,7,180,135.0
21.56740465319256,9,66,
21.591541419703578,7,83,121.0
21.610710755803847,7,14,82.0
21.62104912791551,7,72,34.0
21.661304830011662,10,148,
21.662214208381066,7,46,118.0
21.666578568692472,2,90,
21.68642306391863,7,187,148.0
21.726441783492866,2,151,
21.762135627837644,7,42,137.0
21.770438215109724,3,31,164.0
21.791701928450546,7,163,164.0
21.823506432113348,3,13,40.0
21.84574942086674,7,10,110.0
21.881778563266824,3,109,9.0
21.883889706482115,6,4,159.0
21.912190869197683,7,41,69.0
21.934046723891814,7,131,86.0
21.947739467860583,10,47,
22.017820321852618,5,140,188.0
22.03879520223729,7,174,106.0
22.06676402952457,7,128,119.0
22.06934826824965,6,176,37.0
22.104780056806785,6,117,68.0
22.162486580289208,7,114,97.0
22.1756931984245,10,87,
22.221612520230003,7,26,111.0
22.22643027177519,5,175,104.0
22.25457994363112,9,124,
22.338298127825794,6,64,48.0
22.371074089096403,7,29,16.0
22.40397568654134,7,57,33.0
22.414577330292346,7,114,177.0
22.482823683055692,5,131,67.0
22.507944052542136,6,33,127.0
22.529359563631168,10,164,
22.53563490027291,1,168,124.0
22.54709345322051,7,94,30.0
22.55302452673516,2,15,
22.554113457856854,3,95,10.0
22.55707013991079,9,128,
22.56035669593265,2,42,
22.57783062956018,3,154,4.0
22.581284241112183,10,88,
22.589340562449532,7,6,122.0
22.60206931650023,7,166,131.0
22.606368219801624,2,192,
22.610125408836904,8,110,69.0
22.617616675985303,7,69,96.0
22.635550363287024,6,40,34.0
22.655575045339354,2,89,
22.67527367703366,9,152,
22.713158427480423,2,66,
22.7220311312566,7,101,148.0
22.729092201197144,9,160,
22.73102441499122,4,17,104.0
22.792255420460158,2,52,
22.793487641529655,2,133,
22.836804231932792,7,191,22.0
22.864751206647252,6,74,64.0
22.899363202851273,4,106,114.0
22.924030414198313,7,39,4.0
22.928963387246018,7,110,178.0
22.92975534317461,7,193,111.0
23.077310721847336,4,139,7.0
23.077572490336866,10,19,
23.11257067170236,3,17,94.0
23.119799952633674,3,82,15.0
23.17234878508727,7,5,19.0
23.23600902931342,3,195,70.0
23.25296806543111,7,114,106.0
23.29711017381802,3,60,111.0
23.310079679911436,8,38,160.0
23.33496003363559,7,146,102.0
23.38597845219821,4,163,192.0
23.38860303314155,2,106,
23.420232454733565,2,164,
23.464019937547654,7,109,115.0
23.48209860159456,3,153,199.0
23.50690696845385,2,58,
23.51515921080178,2,186,
23.559790205170646,7,190,181.0
23.564844581598244,6,74,185.0
23.59326285027011,2,179,
23.607388577849303,3,28,13.0
23.64157596127922,9,36,
23.663569041457876,7,3,67.0
23.669789764248513,2,135,
23.680746077066864,10,143,
23.681869909187043,7,191,106.0
23.685938958970468,7,84,114.0
23.713848680031443,2,194,
23.739370392740963,5,147,38.0
23.747218760342825,7,129,174.0
23.768960531295967,3,141,78.0
23.771302560643434,7,36,151.0
23.78738303128457,5,148,191.0
23.79639522617988,7,163,6.0
23.80887898446198,5,177,163.0
23.815532901384877,5,123,182.0
23.822464595310777,7,34,88.0
23.854196191181934,2,26,
23.936436686175465,10,159,
23.950697580582705,10,100,
23.96771891208632,2,19,
23.977964483312054,7,31,72.0
24.005609474246643,2,144,
24.017739173712723,6,107,51.0
24.063022664766546,7,172,148.0
24.07675087285772,7,193,183.0
24.089759369213752,7,185,110.0
24.107362360717055,7,3,163.0
24.112018749431698,8,145,143.0
24.14956005521963,6,80,77.0
24.150932497984236,4,40,103.0
24.168303691497005,4,23,27.0
24.19147558236139,3,46,70.0
24.19754423849917,7,78,57.0
24.202518020155374,5,170,88.0
24.227213837904905,7,57,127.0
24.22885004576455,6,90,158.0
24.236995128631097,9,18,
24.256586214252792,4,25,78.0
24.269753919928533,9,11,
24.31129438226218,7,7,139.0
24.321065892584567,7,38,3.0
24.334566945156332,10,71,
24.369880243263854,7,193,108.0
24.396574007283863,5,157,131.0
24.398328865017216,6,133,16.0
24.424041434242053,2,104,
24.42632100277698,9,12,
24.458095997506778,3,19,101.0
24.47032559874045,7,58,25.0
24.472193814371572,7,29,151.0
24.475927837098112,7,25,46.0
24.504747790536864,10,2,
24.504855855140747,7,174,75.0
24.52307011045876,7,56,2.0
24.539012369592236,3,42,153.0
24.55130009207254,7,190,39.0
24.56370107120855,7,8,135.0
24.57249304138171,2,100,
24.591151846578892,6,95,49.0
24.609230300851106,2,24,
24.627963876784516,1,109,88.0
24.637236190147807,7,2,168.0
24.64484074291393,10,137,
24.651316239255568,7,83,165.0
24.65472627462898,10,17,
24.658021705840635,2,147,
24.762113113056202,2,30,
24.795321940897697,7,28,112.0
24.8927662282248,7,93,69.0
24.899819761948226,7,73,23.0
24.9117509078545,7,161,163.0
24.927521441240902,10,31,
24.929592017764683,10,187,
24.935811579101028,7,154,25.0
24.960481649552356,2,152,
24.984588042000357,7,118,82.0
24.991431875551953,7,142,1.0
24.99712328812851,7,36,127.0
24.999306424842523,7,63,69.0
25.00742225356728,7,23,94.0
25.023757402891952,7,177,82.0
25.03131213759508,7,11,185.0
25.04486857843833,2,17,
25.07670945344701,7,104,175.0
25.175584814152185,7,43,185.0
25.327498354367044,10,142,
25.378359646082636,2,118,
25.408181213330348,7,120,60.0
25.42784711377875,5,71,187.0
25.44706689687478,7,152,18.0
25.48274452300375,7,129,15.0
25.501362052383545,7,182,34.0
25.510963212885414,2,191,
25.523798384942424,7,138,110.0
25.538839686514553,10,171,
25.553783549482578,7,136,170.0
25.604172942723245,3,161,173.0
25.695634007062296,4,97,55.0
25.720521459676924,7,131,5.0
25.72074792645459,4,74,97.0
25.76010208415963,7,71,139.0
25.777017935732687,7,79,167.0
25.782402632044253,9,136,
25.806724105736812,6,162,33.0
25.81465433676825,6,73,6.0
25.81557629319762,7,193,166.0
25.821783520778414,4,101,181.0
25.83158352744601,6,9,109.0
25.844753455877196,7,38,33.0
25.856176229027916,10,189,
25.87155067578654,7,69,55.0
25.914289591089485,2,146,
25.923734938102967,7,39,22.0
25.92879009260478,8,88,171.0
25.950025296394905,2,110,
25.95069757845637,3,154,173.0
25.95569335871097,10,48,
25.958659576779915,4,11,19.0
25.960662593943564,7,143,52.0
25.973687934693025,7,188,144.0
25.97949227163353,3,93,51.0
25.98184072589342,2,25,
26.04632880162767,7,53,187.0
26.05469532827998,7,28,156.0
26.086997006713666,7,72,149.0
26.145723068165736,3,21,121.0
26.1540605330252,7,61,173.0
26.18975800542311,3,53,167.0
26.203968667862018,7,138,8.0
26.210230163078787,10,77,
26.21455055671243,2,84,
26.266092837778128,7,6,69.0
26.291992462776925,7,182,146.0
26.306885885781696,7,160,111.0
26.321972605942605,6,0,33.0
26.333394979613377,3,192,180.0
26.334171010757377,7,115,172.0
26.350656042252847,7,188,194.0
26.394480058564266,7,65,18.0
26.408187310318322,7,16,136.0
26.419857089057956,7,86,189.0
26.43278706486214,3,106,20.0
26.45137817756214,7,92,7.0
26.454736509043997,4,54,106.0
26.48513745758016,3,180,65.0
26.522050708316744,7,35,23.0
26.53439809472888,7,48,35.0
26.54987111846401,7,169,155.0
26.590772173387162,2,12,
26.64358161768568,7,7,173.0
26.665330048626796,7,79,155.0
26.680123462468032,2,97,
26.69934825436904,7,132,190.0
26.7091258992818,7,138,77.0
26.726799400877,7,95,163.0
26.75957673496633,7,73,128.0
26.769150227530474,7,126,106.0
26.77180771801125,7,55,124.0
26.77247011363667,8,131,169.0
26.780007303609572,3,70,10.0
26.78266070554577,3,44,19.0
26.782789843605855,2,103,
26.803343627135796,7,166,140.0
26.810742531232844,3,24,162.0
26.816215065484148,10,99,
26.887228486605043,5,156,126.0
26.914583984364338,7,162,136.0
26.937395071675592,3,161,155.0
26.958887208441368,7,175,150.0
27.051927594168525,7,71,52.0
27.063620936460236,6,180,179.0
27.08151576585545,3,5,65.0
27.085811302433036,10,154,
27.08607509357538,3,106,51.0
27.100415061006004,7,83,138.0
27.110792040144823,7,59,132.0
27.127183626217985,7,72,179.0
27.145162166203875,9,125,
27.223855659467198,7,44,137.0
27.261322690753484,2,112,
27.280903608698576,7,11,194.0
27.295256441339113,6,162,24.0
27.30917395599485,7,31,105.0
27.3561452919784,7,122,192.0
27.368554322241444,2,87,
27.46776593175865,6,91,41.0
27.503744383670195,7,23,100.0
27.52265322970245,2,61,
27.601128959554806,7,18,27.0
27.63924514957729,4,197,189.0
27.65478548301917,7,105,145.0
27.66101103652864,5,71,1.0
27.672358637037416,3,63,161.0
27.711284292964457,7,58,170.0
27.714470731010273,7,155,88.0
27.7284017190035,4,66,131.0
27.731564074868324,2,99,
27.754162000752206,7,38,139.0
27.756793619662712,7,109,77.0
27.759453329636727,7,58,126.0
27.804889481992177,7,105,134.0
27.819524642084637,7,18,96.0
27.861496894360105,2,115,
27.88158210646489,7,169,92.0
27.94299638565936,4,67,183.0
27.94317530334988,7,47,152.0
27.984768219160713,2,157,
28.04297674154713,2,11,
28.047773653807578,7,143,107.0
28.05140156604622,3,164,158.0
28.06285761109492,3,110,197.0
28.212754949325692,2,145,
28.217983626323907,7,59,129.0
28.237796875618987,2,1,
28.24664854577819,2,126,
28.256571565935698,5,196,156.0
28.28612966604895,2,113,
28.389472863288013,7,120,82.0
28.431931226021007,7,96,159.0
28.436876805061832,7,128,152.0
28.466121491062466,7,175,101.0
28.503946712794377,2,171,
28.54371091197249,3,49,76.0
28.551456535438668,3,115,96.0
28.58748480335757,4,161,182.0
28.632035006778448,7,150,88.0
28.66233903479476,4,75,118.0
28.669957938955275,10,183,
28.72385395051268,7,26,124.0
28.727419762547594,7,76,148.0
28.798381879901356,7,173,123.0
28.79983976610141,7,189,56.0
28.806138093287487,3,130,60.0
28.80973553873078,7,152,39.0
28.815025460625723,6,114,56.0
28.81662236995377,7,59,148.0
28.818771696581205,7,123,24.0
28.856612056062847,7,175,197.0
28.868614453656946,7,4,183.0
28.882551742286033,7,25,31.0
28.88302200509028,7,27,23.0
28.917791295775984,2,188,
28.992514256819113,4,143,0.0
29.010337592131826,7,99,14.0
29.011159367334173,2,8,
29.01409755868241,2,159,
29.030714432703952,6,133,63.0
29.046174632164234,3,105,190.0
29.05684116930267,2,175,
29.06604194964193,4,16,154.0
29.07498171954075,7,157,131.0
29.097095389285688,7,146,163.0
29.100549617234794,7,103,170.0
29.128919257363346,5,183,177.0
29.16067441701327,6,175,15.0
29.191291267834362,7,160,22.0
29.243229742860404,7,82,23.0
29.28254453659915,7,120,176.0
29.288904665816645,6,91,16.0
29.33239141301394,2,75,
29.342692020281696,7,85,132.0
29.348056357503218,7,31,152.0
29.366458923386922,3,171,150.0
29.387810408117737,3,17,99.0
29.39755373538745,7,140,164.0
29.44400033651515,7,163,104.0
29.44849046997542,6,1,118.0
29.482147322338065,9,108,
29.516275350636185,3,103,179.0
29.552366322181516,7,90,79.0
29.577169842232387,2,140,
29.59594650217228,3,75,98.0
29.639031892923832,7,145,83.0
29.67030997858689,7,4,154.0
29.671241206674136,2,134,
29.671805518968437,6,8,90.0
29.683609517400942,7,168,124.0
29.68658009271133,6,51,159.0
29.69037985413169,5,43,108.0
29.73691676473444,7,39,127.0
29.739793399218783,6,20,90.0
29.74604808439212,7,122,35.0
29.767736528026795,7,64,123.0
29.771218147347025,7,180,182.0
29.79861428343023,2,132,
29.822623203640465,7,101,14.0
29.844146434575343,7,160,167.0
29.865109864200264,4,131,25.0
29.89786444774972,7,84,43.0
29.903128815502708,2,79,
29.91945446523933,7,164,31.0
29.92816453777086,3,157,64.0
29.96599681440671,7,109,88.0
29.96616095475916,7,69,15.0
30.012939502976213,3,197,56.0
30.028350643607283,7,48,85.0
30.043777099485894,7,2,126.0
30.04752642348628,7,87,156.0
30.058651811269172,6,58,104.0
30.11314290973128,10,10,
30.147244803418754,3,82,65.0
30.180476310758607,2,148,
30.222646038002637,3,20,79.0
30.24844280792769,3,82,97.0
30.2683184394233,3,152,99.0
30.287696631608963,3,139,118.0
30.308487549562223,6,55,107.0
30.388778308483555,10,109,
30.392135550354887,7,38,12.0
30.433866906100977,4,47,17.0
30.456818514188203,9,158,
30.47071622969424,7,142,118.0
30.515590362572627,7,146,108.0
30.564258129316535,3,174,116.0
30.594391775333612,6,15,51.0
30.60649452658068,3,140,168.0
30.608194920945117,3,113,82.0
30.642319246941117,7,122,146.0
30.66313136606143,6,78,25.0
30.66608719949107,3,166,139.0
30.670798687700945,6,24,70.0
30.677526995495384,9,155,
30.725994101303353,9,0,
30.745449448413954,2,181,
30.76135515545502,7,67,190.0
30.81004221648461,6,115,194.0
30.81188881405157,10,60,
30.833910921432775,7,136,168.0
30.842061706158272,6,96,117.0
30.869962185568067,2,122,
30.883228920944518,7,119,33.0
30.93198183754508,6,105,195.0
30.935975953561464,7,128,117.0
30.938567958325113,7,67,181.0
30.96338837285879,6,181,5.0
31.002273713427513,7,155,98.0
31.084306980290467,4,80,14.0
31.13337580374284,9,168,
31.143867868701175,7,82,10.0
31.16099988986462,3,1,141.0
31.18889036416379,2,155,
31.193436129647303,2,38,
31.403234995239302,7,75,196.0
31.416945425276715,7,8,131.0
31.418876008149272,7,40,18.0
31.42968786555047,7,144,23.0
31.436202129027922,7,102,7.0
31.451409859011438,7,136,80.0
31.491998199975587,7,71,1.0
31.597409282572293,2,120,
31.616991454437244,2,129,
31.648073444804208,7,10,95.0
31.690041244610445,5,154,108.0
31.724642922512494,3,15,138.0
31.728742911266064,7,69,181.0
31.737290417647614,7,144,154.0
31.77831788649175,7,29,84.0
31.814109581342798,6,50,79.0
31.82107014251309,7,51,156.0
31.8293465662475,3,145,33.0
31.836993355676167,2,124,
31.858317949951036,3,110,11.0
32.043476264151096,3,195,199.0
32.05295713981831,7,187,151.0
32.054264455282514,3,122,121.0
32.093679662151814,2,72,
32.176354548222825,3,197,188.0
32.189670570592554,3,66,99.0
32.19150611495524,7,57,172.0
32.193882643148555,3,78,28.0
32.20774367725712,7,57,26.0
32.2288037062833,7,55,67.0
32.235113259406965,2,193,
32.27451709468732,3,62,6.0
32.28522017053382,7,140,168.0
32.2953533715224,2,170,
32.36052447093319,3,65,185.0
32.37935450869105,4,14,86.0
32.45148734038745,10,198,
32.489471926416854,2,48,
32.58452729610581,3,51,74.0
32.587119003840556,7,20,156.0
32.61340738512671,3,133,164.0
32.68082901059579,7,9,31.0
32.68487691622386,2,123,
32.686479366211024,5,14,7.0
32.72777107942745,5,31,163.0
32.74981816167078,7,125,153.0
32.75074949047821,7,102,60.0
32.800368585056496,3,78,107.0
32.80215371403161,7,143,105.0
32.83601801441458,5,10,163.0
32.863363579831585,2,31,
32.89127115663078,7,101,7.0
32.90900258315104,7,28,136.0
32.91314292789147,2,77,
32.93725254977954,10,195,
32.974356964794275,2,160,
32.97887063866947,7,55,57.0
33.096873138249826,3,92,95.0
33.102304406507635,7,77,71.0
33.115577749967954,9,116,
33.15057144803776,7,24,29.0
33.16174861623013,2,182,
33.207325570916545,7,187,179.0
33.2088452246392,3,31,103.0
33.231416229878384,7,154,186.0
33.40692120246833,3,95,120.0
33.41048687480481,7,172,2.0
33.420161751937506,7,164,18.0
33.462857817665046,2,142,
33.48534763197303,7,155,195.0
33.63783284362931,2,143,
33.649477934903324,3,46,25.0
33.68678888757304,7,54,182.0
33.732136961968514,7,95,60.0
33.74207818409344,7,124,196.0
33.755440747874324,9,32,
33.75640096550084,2,2,
33.78256390125199,7,0,52.0
33.79990909451496,3,1,79.0
33.80134941625324,5,168,43.0
33.84059216995501,6,145,25.0
33.8664410869515,3,132,50.0
33.88472032110489,3,34,150.0
33.918674218908265,3,35,93.0
33.980063314791494,7,21,14.0
34.008249763595295,7,7,152.0
34.147836686492724,10,27,
34.14821884074476,7,32,134.0
34.15224779058238,7,10,70.0
34.17924830816043,2,47,
34.179777149362316,2,131,
34.23859106454113,7,65,69.0
34.247257379649504,7,47,54.0
34.25553948336899,6,139,28.0
34.26602981966633,2,183,
34.27658344127706,7,175,7.0
34.31877371041498,7,137,53.0
34.350574967483084,2,189,
34.39689788419577,7,31,163.0
34.44558442428795,6,192,79.0
34.47881824341582,3,115,99.0
34.57083469513556,7,1,196.0
34.57435644338575,7,196,51.0
34.59396666683207,9,173,
34.65006695184304,7,153,10.0
34.721287580195316,3,188,35.0
34.74166045053318,6,73,150.0
34.748057726153725,7,58,14.0
34.760031322492075,2,156,
34.79163167163726,3,178,73.0
34.80121459738823,7,199,195.0
34.847309752119834,3,53,26.0
34.85192602303747,5,168,27.0
34.85300583003594,3,73,16.0
34.9275647954441,3,17,122.0
34.933315910721305,2,10,
34.934116482463736,3,197,199.0
35.094372962073386,3,98,113.0
35.101640726800234,7,31,36.0
35.103397892470774,7,12,137.0
35.10684693386556,4,85,136.0
35.10722978117684,8,196,163.0
35.170946899447905,7,27,15.0
35.189379816011176,5,67,109.0
35.21274103648438,2,0,
35.21507993223467,7,154,85.0
35.25428733010304,8,7,14.0
35.26581199265496,7,50,128.0
35.289951907755956,2,32,
35.31172133714875,3,56,95.0
35.33451319078709,6,192,180.0
35.35751989711515,3,79,129.0
35.40476321920656,3,62,118.0
35.42052325085869,7,116,155.0
35.435006016853094,7,195,120.0
35.43781062844435,3,2,105.0
35.46469151271302,2,173,
35.46685095845838,3,21,38.0
35.591867359827305,7,69,134.0
35.62948132951807,3,176,44.0
35.645233516429684,7,154,173.0
35.65765173697059,7,71,30.0
35.798729418608886,2,177,
35.88858519471285,4,14,19.0
35.922140670081646,2,116,
35.94324070267021,7,35,158.0
35.95558282141205,3,21,164.0
35.958564577387065,3,141,73.0
35.97824748280933,7,124,83.0
36.0250556167653,6,160,159.0
36.06911551246741,3,121,59.0
36.09413622348665,6,77,59.0
36.102755427891076,6,8,133.0
36.12760658473371,7,10,163.0
36.13702449034803,3,145,190.0
36.164082436253324,7,143,109.0
36.164890069742754,2,54,
36.20039377992672,3,17,41.0
36.21070689285566,3,103,72.0
36.21953208381284,3,52,9.0
36.29051366313301,2,158,
36.35004558667774,3,11,117.0
36.481094958486445,3,138,94.0
36.50372020092152,3,19,173.0
36.50651466939805,7,128,132.0
36.51715912502177,6,147,149.0
36.525602872014616,3,180,1.0
36.54854078387162,3,134,35.0
36.557510779007444,7,187,176.0
36.56458112926183,6,32,0.0
36.661455583612636,4,36,90.0
36.68469411857094,3,31,49.0
36.715205345207345,5,60,108.0
36.80250049987998,7,198,145.0
36.80764614734779,2,18,
36.813758966155206,6,158,197.0
36.86720078988233,3,130,111.0
36.89852306988037,3,120,4.0
36.942101047725245,6,19,151.0
36.94713541944532,4,62,154.0
36.970450275012716,3,46,22.0
36.97164559206638,6,161,192.0
36.9840047641679,7,16,187.0
37.07369535632742,6,82,172.0
37.09799130091012,4,99,67.0
37.11765895740512,3,153,124.0
37.13498435505401,6,95,56.0
37.137792569595725,7,43,33.0
37.18410388286124,6,197,107.0
37.223559188368334,7,154,93.0
37.24250780083709,3,61,167.0
37.25253814107652,6,87,177.0
37.26194758258912,6,117,11.0
37.26617410804726,7,19,163.0
37.39669035100876,3,46,0.0
37.403978968684676,7,164,67.0
37.47156778871931,3,104,3.0
37.5130588466567,6,15,182.0
37.52715684240041,6,74,178.0
37.58044872460939,2,71,
37.60454177844487,3,37,170.0
37.61450141340233,7,27,159.0
37.64491655608481,7,198,44.0
37.64903536805468,6,112,55.0
37.74894648530078,6,143,172.0
37.84792517060575,7,23,148.0
37.84804461323917,3,56,148.0
37.8734135442204,3,8,5.0
37.92982315478607,7,27,1.0
38.01973499605298,6,194,80.0
38.02437872174174,6,37,56.0
38.065549739254664,4,159,119.0
38.159673707127524,2,195,
38.17828701197034,7,144,27.0
38.341281591990246,2,36,
38.3569719411596,3,149,134.0
38.429051018387085,7,7,28.0
38.529843526442654,7,144,83.0
38.60489431512825,3,116,91.0
38.61626091093928,6,139,157.0
38.61925226114959,3,91,6.0
38.74326819165422,6,175,86.0
38.755992966324136,7,137,111.0
38.850117850517385,6,76,35.0
38.859936357374565,2,7,
38.96198899488779,7,99,67.0
38.99004496165939,7,27,45.0
38.99174273660511,3,126,121.0
39.05440762643872,7,120,136.0
39.16664304226911,7,168,46.0
39.257384365589076,3,134,117.0
39.33446481965067,3,5,152.0
39.3448386421097,7,27,50.0
39.43308291747061,6,110,113.0
39.4990745146441,6,127,80.0
39.517018551848516,3,103,118.0
39.56550118345959,7,190,119.0
39.59109220857309,7,60,133.0
39.70668725325845,3,130,65.0
39.811864731014936,2,43,
39.838116706173174,3,49,123.0
39.85784498275931,7,62,57.0
39.862017493943476,7,119,87.0
39.91799354055749,2,23,
39.92451355414142,6,30,165.0
39.980274201440075,7,177,125.0
40.12262210895617,7,131,67.0
40.1378690450049,3,178,32.0
40.193258464787284,3,146,97.0
40.2339040875554,2,169,
40.448182483263295,7,109,5.0
40.4651819828511,2,137,
40.48498809406352,2,27,
40.49345927496699,6,183,142.0
40.525244306294915,2,108,
40.55615662816512,7,130,163.0
40.60915016303934,3,76,30.0
40.65910814266166,3,149,87.0
40.694539066745946,3,116,63.0
40.72739547277192,2,125,
40.8776030810939,3,11,107.0
40.910249411521136,7,95,168.0
40.92364838407505,3,164,82.0
40.93616957031312,6,58,22.0
40.945938665457,3,159,140.0
40.9467717694001,2,69,
40.973202998064316,7,118,60.0
41.01935382546275,3,13,176.0
41.021579535781235,7,36,88.0
41.03175248440199,3,116,132.0
41.05048578101672,4,39,8.0
41.11354800028547,6,184,97.0
41.133131674003295,3,135,4.0
41.24046171403751,3,48,10.0
41.274883575175,6,104,17.0
41.33417820066041,2,196,
41.33716609557363,2,57,
41.34218142792768,3,114,50.0
41.354816382511366,7,198,28.0
41.37049800142372,3,142,37.0
41.37858538484966,3,0,181.0
41.38781271572062,3,24,144.0
41.44474310156353,3,18,90.0
41.67066682129048,6,21,65.0
41.72542901711271,3,115,5.0
41.727814720441366,3,103,8.0
41.73428813540742,3,84,90.0
41.76348589629456,3,111,4.0
41.79183655490427,7,88,170.0
41.81862041394142,6,95,103.0
41.85891009059523,3,181,129.0
41.89152267267643,3,103,28.0
41.895171904310004,3,123,180.0
41.93602435392098,3,17,172.0
41.991187774252,6,78,107.0
42.10959886212721,3,167,12.0
42.17235653030573,7,29,79.0
42.19217539174778,3,124,72.0
42.305744949198576,3,21,93.0
42.31014074738875,3,46,108.0
42.32538007079241,4,105,187.0
42.36921749223833,2,88,
42.41246047290234,7,163,1.0
42.48926245108795,4,39,111.0
42.50222153239607,6,116,63.0
42.57933900888328,6,185,94.0
42.60245551678843,6,65,172.0
42.641222599194464,3,112,96.0
42.771478517479366,6,105,93.0
42.793175693940306,3,82,38.0
42.82751513197042,7,93,60.0
42.87276961731693,7,61,39.0
42.875940429769976,6,116,146.0
42.90529299015865,3,130,51.0
42.95760012998402,7,83,139.0
42.970141574636315,6,182,131.0
43.096283833457505,2,119,
43.248068861252655,2,14,
43.26066388259723,3,108,100.0
43.27659460518422,3,32,82.0
43.3313065174271,6,78,141.0
43.409216482250955,6,82,150.0
43.41398164735585,6,43,115.0
43.45706972633031,7,81,60.0
43.47378856508487,3,131,20.0
43.522822551423296,3,0,91.0
43.70143873873218,3,171,126.0
43.74965863808051,6,73,141.0
43.758895332349105,7,189,154.0
43.83959520610056,3,126,148.0
43.90011866300344,3,117,101.0
43.98199261412866,6,107,23.0
44.00461736313786,3,86,76.0
44.03485895513757,3,112,10.0
44.099814199889074,3,53,102.0
44.219598032672245,6,130,111.0
44.263946764193285,3,140,113.0
44.305800228598464,3,80,114.0
44.342533618291185,7,29,156.0
44.37080201050596,7,198,55.0
44.38064061159799,3,38,76.0
44.399681065397196,7,187,71.0
44.400007516271046,3,103,35.0
44.404554502659224,3,76,180.0
44.49226471640334,3,129,35.0
44.56013514664092,3,69,5.0
44.62586030117445,2,67,
44.648375595374176,9,4,
44.66325217649614,3,110,15.0
44.678249426010524,3,8,59.0
44.68249511703795,7,4,111.0
44.71205485131479,3,3,9.0
44.72879894637842,3,41,196.0
44.77895118298218,3,55,94.0
44.862353003286586,3,94,143.0
44.94504233548972,2,154,
44.9687819928956,7,168,154.0
44.99415267235568,7,168,27.0
45.14394119534302,3,1,110.0
45.204128934902755,6,149,110.0
45.25677165283837,3,81,42.0
45.260982762071514,6,158,62.0
45.330056587582206,6,84,152.0
45.41782694631099,6,112,71.0
45.42058899611343,3,154,82.0
45.54354628350286,6,161,173.0
45.58152393529699,3,101,125.0
45.75427069243786,6,52,9.0
45.76103903300268,3,174,51.0
45.889080227884655,6,99,152.0
45.944854585486745,3,160,0.0
45.958015007749694,3,28,84.0
45.9978122705712,6,32,178.0
46.02185429446513,3,10,87.0
46.19026555302965,6,53,43.0
46.20163118033804,3,56,26.0
46.22823220818165,7,188,83.0
46.31647003283797,2,109,
46.32631271887943,6,73,13.0
46.33426279954287,7,136,181.0
46.3832912090166,3,43,102.0
46.486182989753864,7,134,83.0
46.55180306254198,7,8,39.0
46.686137253852344,3,79,105.0
46.853082984558775,3,28,173.0
46.91947939969284,6,126,111.0
47.2620642634258,3,75,179.0
47.3190564589143,7,4,11.0
47.380398932620594,3,63,57.0
47.425203583111966,3,20,162.0
47.505201244362354,3,153,164.0
47.56458630252713,6,123,180.0
47.59545024519242,3,98,84.0
47.80538720511782,3,124,193.0
47.8366651247612,6,96,152.0
47.84376707340924,3,11,10.0
47.86605981185742,6,21,13.0
47.90075377368366,3,55,104.0
47.939091461579714,3,157,125.0
47.96220771492027,3,133,89.0
47.97973933393098,3,31,150.0
48.12672715322806,7,83,43.0
48.13398735650092,3,9,130.0
48.1643103840941,3,175,159.0
48.16760420452496,6,94,102.0
48.19828989977,3,88,179.0
48.25977637351088,7,133,4.0
48.33120992980404,7,65,60.0
48.47443451205468,6,38,21.0
48.47621808137967,7,98,128.0
48.50274620672179,6,59,107.0
48.511838885674045,6,42,157.0
48.53781325180906,6,121,25.0
48.603668839962054,3,48,25.0
48.62325984929272,3,153,160.0
48.63931076103196,3,0,36.0
48.7115502314214,3,171,1.0
48.721057636323046,3,32,66.0
48.76395356849847,6,130,141.0
48.85251245506893,7,12,136.0
48.89072861103152,3,190,49.0
48.9655924141696,6,20,102.0
48.978846161071885,3,162,156.0
48.98837057003129,3,146,64.0
49.05470730059268,7,136,96.0
49.11031283071839,6,56,77.0
49.17291862881216,4,181,168.0
49.212349589906395,3,11,146.0
49.30700467724953,3,184,98.0
49.340556477875715,2,163,
49.38686172526451,2,60,
49.49399475826141,3,147,143.0
49.58152926590581,3,88,118.0
49.74594478958917,3,62,17.0
49.843026903962645,7,198,126.0
49.847487883063344,3,190,152.0
49.86042101162853,3,22,5.0
49.934244981041594,6,66,112.0
49.94729776060514,3,78,166.0
49.96462462317,3,11,115.0
50.00304866951959,3,43,127.0
